"inside", "# mchacks hour 10 john and shane freaking out because we seem to have accidentally hacked into a random mcgill computer i come over and realize that christopher doesn't recognize his own file system", "null", "0", "0", "0", "3", "34"
"brag", "# mchacks hour 10 john and shane freaking out because we seem to have accidentally hacked into a random mcgill computer i come over and realize that christopher doesn't recognize his own file system", "null", "0", "0", "0", "3", "34"
"inside", "aww yeah !", "null", "1", "0", "0", "0", "3"
"inside", "join us tonight for tech night # 3 we'll hear from jonathan gottfried of twilio startupbus about winning at hackathons and life and eat delicious pizza don't forget to rsvp !", "https www facebook com events 1428543247383594 ? ref 22", "0", "0", "0", "1", "31"
"crowdsourcer", "join us tonight for tech night # 3 we'll hear from jonathan gottfried of twilio startupbus about winning at hackathons and life and eat delicious pizza don't forget to rsvp !", "https www facebook com events 1428543247383594 ? ref 22", "0", "0", "0", "1", "31"
"crowdsourcer", "i have an important question for my student and teacher friends if you have a spare moment for my capstone cs course we have been tasked with developing a web-based learning platform of some sort we are asked to integrate opportunities offered by emerging technologies with advances in what is known about how people learn possible projects might involve intelligent test assessment to allow for adaptive teaching tools for organizing learning materials platforms for student participation or discussion ways to solicit feedback from relevant communities in addition to just the course instructor educational games etc to all you students and teachers out there any thoughts ? i'm looking just as much to identify problems as for potential solutions what gets in the way of you learning certain things ? what might help ? many thanks to my teammate christopher for the post idea", "null", "0", "0", "0", "1", "143"
"inside", "with great concentration we're definitely going to have a circle -- jamie lapine only 5 hours in # 24hoursofgood", "null", "0", "0", "0", "1", "19"
"brag", "made our very first gif bill nye dancing while debating http imgur com mthbgp7", "http imgur com mthbgp7", "0", "0", "0", "1", "14"
"crowdsourcer", "join us for our inaugural sbcs tech night ! we're kicking off our weekly series with a tech talk and workshop on git a source control system that allows you to share your code easily with others it has become a standard way for people to collaborate on code and essentially mandatory knowledge for the best industry and academic software jobs our first guest lecturer is a developer at fog creek software in nyc we will be learning how to create and manage git repositories and use them with others on a team everyone is welcome !", "https www facebook com events 267736406714472 ? ref 22", "0", "0", "0", "0", "97"
"pageshares", "haha", "https www facebook com photo php ? fbid 10152157912613819 set a 10150355635163819 367321 100885193818 type 1", "0", "1", "0", "0", "1"
"selfie", "with my bestie sarah", "null", "1", "0", "0", "1", "4"
"enlightenment", "every day the sun rises and everyday the sun sets # sun # everyday # sunset # night # palmtrees # africa # africanswag", "null", "1", "0", "0", "0", "24"
"hashtag", "every day the sun rises and everyday the sun sets # sun # everyday # sunset # night # palmtrees # africa # africanswag", "null", "1", "0", "0", "0", "24"
"overload", "with my bestie sarah", "null", "1", "0", "0", "1", "4"
"hashtag", "don't lose hope # flowers # red # redflowers # hope # africa # africanswag", "null", "1", "0", "0", "0", "15"
"enlightenment", "don't lose hope # flowers # red # redflowers # hope # africa # africanswag", "null", "1", "0", "0", "0", "15"
"hashtag", "breakfast anyone ? # breakfasttogo # breakfast # delicious # yum # caterpillar # hungry # africa # africanswag", "null", "1", "0", "0", "0", "19"
"overload", "breakfast anyone ? # breakfasttogo # breakfast # delicious # yum # caterpillar # hungry # africa # africanswag", "null", "1", "0", "0", "0", "19"
"hashtag", "happy valentines day from the cutest couple out there # cats # kitty # kittens # valentinesday # love # wow # africa # africanswag", "null", "1", "0", "0", "0", "25"
"overload", "happy valentines day from the cutest couple out there # cats # kitty # kittens # valentinesday # love # wow # africa # africanswag", "null", "1", "0", "0", "0", "25"
"vague", "mmmmmm", "http youtu be 6 eshs6crug", "0", "0", "0", "0", "1"
"promoter", "", "http youtu be gdwchohlmji", "0", "0", "0", "0", "0"
"txtspeak", "q q", "http youtube com watch ? v zw4thpuk6ig", "0", "0", "0", "0", "2"
"vague", "q q", "http youtube com watch ? v zw4thpuk6ig", "0", "0", "0", "0", "2"
"hashtag", "# nodisrespecttobenaffleck # alldisrespecttojimmykimmel", "null", "0", "0", "0", "0", "4"
"vague", "woot", "null", "0", "0", "0", "1", "1"
"complainer", "who knows how to clean stoves because mine is literally so disgusting it's cringeworthy", "null", "0", "0", "0", "0", "14"
"complainer", "so i reenabled my formspring account for a good minute out of pure boredom and now i firmly regret my decision people are awful", "null", "0", "0", "0", "0", "24"
"brag", "me killin it as queen amidala at age 5 another example as to why disney should cast me for star wars weekends", "https www facebook com photo php ? fbid 1244998290224 set a 1244997210197 37574 1387405919 type 1 relevant count 1", "0", "1", "0", "3", "22"
"brag", "i can finally post this after waiting like 4 days i'm seeing aziz ansari in st petersburg in march ! ! hype train", "null", "0", "0", "0", "0", "23"
"selfie", "last night out for a while", "https www facebook com photo php ? fbid 412040328928329 set a 113317902133908 15913 100003670970309 type 1 relevant count 1", "1", "0", "0", "1", "6"
"selfie", "scarlet begonias and a touch of the blues # valentinesday # thegratefuldead", "https www facebook com photo php ? fbid 793652290650127 set a 522467761101916 137762 100000160896951 type 1 relevant count 1", "1", "0", "0", "1", "12"
"txtspeak", "ヽ༼ຈل͜ຈ༽ﾉ", "null", "0", "0", "0", "0", "1"
"inside", "is your cat making too much noise ! ? kitten mittens ! amanda kagiwada daniel hu jonathan haviland bill o'brien eric berner tom kotak anyone else", "http forgifs com gallery d 126990-2 kitten mittens gif", "0", "0", "0", "6", "26"
"pageshares", "", "https www facebook com theflylady photos a 177598536843 151505 61855941843 10152377454436844 ? type 1 relevant count 1", "0", "1", "0", "0", "0"
"pageshares", "", "https www facebook com photo php ? fbid 393982647413920 set a 393982280747290 1073741828 100004065637625 type 1 relevant count 1", "0", "1", "0", "0", "0"
"pageshares", "", "https www facebook com abeautifulmessinside photos a 185151361561829 45498 178242035586095 650597088350585 ? type 1 relevant count 1", "0", "1", "0", "0", "0"
"complainer", "this comment section disgusts me my hypothesis that people who dislike good music are actually literally incapable of comprehending the harmonies tonality of it is evidently correct i was humming this the first time i heard it", "http www youtube com watch ? v ke2hcws47xw", "0", "0", "0", "0", "37"
"complainer", "listening to some poor soul tutor a girl who literally doesn't know that sin theta cos theta tan theta it hurts", "null", "0", "0", "0", "0", "21"
"inside", "", "recently", "it has come to my attention that this exists", "0"
"", "", "", "0"
"", "", "http www reddit com r tsunderesharks", "0", "0", "0", "0", "0"
"complainer", "so much hate it makes me sick null", "0", "0", "0", "0", "", "8"
"aggregator", "it's a dream situation for sony http www theverge com 2014 2 21 5433324 playstation-4-now-available-in-japan", "0", "1", "0", "0", "", "15"
"inside", "sean james you are my hero null", "1", "0", "0", "1", "", "7"
"overload", "broke in the new drysuit today i don't know how i got by without one null", "0", "0", "0", "0", "", "16"
"vague", "question of the day how can one go about it a manner non offensive to most people without making it a full time job where everyone has their own little nuances on how they want to be referred to and communicated with ? i mean this earnestly null", "0", "0", "0", "0", "", "48"
"crowdsourcer", "question of the day how can one go about it a manner non offensive to most people without making it a full time job where everyone has their own little nuances on how they want to be referred to and communicated with ? i mean this earnestly null", "0", "0", "0", "0", "", "48"
"promoter", "a couple more photos of joan tetzel null", "1", "0", "0", "0", "", "8"
"inside", "this red bull is for you aa-j null", "0", "0", "0", "0", "", "8"
"promoter", "http www twitch tv panache22 b 505583379 ? t 12m27s http www twitch tv panache22 b 505583379 ? t 12m27s", "0", "0", "0", "0", "", "20"
"overload", "enjoying the sunshine even if i'm sitting in my car on my break haha null", "0", "0", "0", "0", "", "15"
"txtspeak", "fuq the weather i'm still at work null", "0", "0", "0", "0", "", "8"
"txtspeak", "so tired bc i don't feel good null", "0", "0", "0", "0", "", "8"
"overload", "w b matlock a coke good morning null", "0", "0", "0", "0", "", "8"
"pageshares", "stupidity women will always be women no matter their age so of course they'd still need to see a woman's doctor people are so ignorant https www facebook com photo php ? fbid 10151953552176275 set a 180479986274 135777 177486166274 type 1 theater", "1", "1", "0", "0", "", "42"
"political", "stupidity women will always be women no matter their age so of course they'd still need to see a woman's doctor people are so ignorant https www facebook com photo php ? fbid 10151953552176275 set a 180479986274 135777 177486166274 type 1 theater", "1", "1", "0", "0", "", "42"
"pageshares", "ha ha true", "1", "0", "0", "0", "", "3"
"hashtag", "early birthday present from the homies all my favorite things you guys are so cute thank you so much ‪ # ‎mybdayistomorrow‬ ‪ # ‎ilovedaryl‬ ‪ # ‎imwearingthiseverywhere‬ ‪ # ‎humansactuallycareaboutme‬ ‪ # ‎wow‬ null", "1", "0", "0", "0", "", "35"
"neutral", "i think they were heading back to our pond but thought better of when they saw us and our bird dog ! null", "1", "0", "0", "0", "", "23"
"crowdsourcer", "hmm to stream or not to stream the usa-canada hockey game during my cse219 class null", "0", "0", "0", "0", "", "16"
"enlightened", "for a lot of those in the professing christian church god's call to be holy has been downgraded to be moral and that's what the non christian tries to do anyway - the professing christian just has a distant god who they believe will forgive them so often the non christian has more accountability null", "0", "0", "0", "0", "", "55"
"promoter", "this is my favorite song and it is absolutely flawless john mayer has a special place in my heart don't be scared to walk alone don't be scared to like it…http youtu be dhscgwh7p6g http youtu be dhscgwh7p6g", "0", "0", "0", "0", "", "38"
"aggregator", "sorta like an early predecessor to twitch plays pokemon http dotsub com view 2ba18e4f-3d43-4abf-85ab-f8b3f7741a90", "0", "0", "0", "0", "", "14"
"crowdsourcer", "i created my own image logo if you will and want to put it on a business card what's the best way to do that ? taking a picture and uploading it isn't looking too great right now null", "0", "0", "0", "0", "", "39"
"complainer", "it shouldn't be possible that you owe money on your taxes what they didn't take enough money out the first time ? null", "0", "0", "0", "0", "", "23"
"games", "bonus wheel spin", "0", "0", "0", "0", "", "3"
"hashtag", "raddest weekend ever # ‎mamaflorez # ‎audreysbirthday # ‎bestfriends https www facebook com photo php ? fbid 10203280555317624 set a 3582862333183 2168991 1321952397 type 1 relevant count 1", "1", "0", "0", "0", "", "28"
"brag", "raddest weekend ever # ‎mamaflorez # ‎audreysbirthday # ‎bestfriends https www facebook com photo php ? fbid 10203280555317624 set a 3582862333183 2168991 1321952397 type 1 relevant count 1", "1", "0", "0", "0", "", "28"
"inside", "raddest weekend ever # ‎mamaflorez # ‎audreysbirthday # ‎bestfriends https www facebook com photo php ? fbid 10203280555317624 set a 3582862333183 2168991 1321952397 type 1 relevant count 1", "1", "0", "0", "0", "", "28"
"inside", "happy birthday to my homegirl audrey kressman glad i made my way down to 306 that day i love you ! https www facebook com photo php ? fbid 10203276543937342 set a 1631810958118 2093394 1321952397 type 1 relevant count 1", "1", "0", "0", "1", "", "40"
"txtspeak", "when ya makeups on point # lol # yes # shamelessselfie https www facebook com photo php ? fbid 10203274533687087 set a 3582862333183 2168991 1321952397 type 1 relevant count 1", "1", "0", "0", "0", "", "30"
"hashtag", "when ya makeups on point # lol # yes # shamelessselfie https www facebook com photo php ? fbid 10203274533687087 set a 3582862333183 2168991 1321952397 type 1 relevant count 1", "1", "0", "0", "0", "", "30"
"brag", "when ya makeups on point # lol # yes # shamelessselfie https www facebook com photo php ? fbid 10203274533687087 set a 3582862333183 2168991 1321952397 type 1 relevant count 1", "1", "0", "0", "0", "", "30"
"hashtag", "chillin' with the cuties from cash cash today in the studio ! cashcashmusic # siriusxm # intern https www facebook com photo php ? fbid 10203271947262428 set a 3582862333183 2168991 1321952397 type 1 relevant count 1", "1", "0", "0", "0", "", "36"
"inside", "chillin' with the cuties from cash cash today in the studio ! cashcashmusic # siriusxm # intern https www facebook com photo php ? fbid 10203271947262428 set a 3582862333183 2168991 1321952397 type 1 relevant count 1", "1", "0", "0", "0", "", "36"
"enlightened", "you have to keep moving forward even if it feels like the whole world is crashing down upon you # qotd https www facebook com photo php ? fbid 10203269575283130 set a 3582862333183 2168991 1321952397 type 1 relevant count 1", "1", "0", "0", "0", "", "40"
"hashtag", "you have to keep moving forward even if it feels like the whole world is crashing down upon you # qotd https www facebook com photo php ? fbid 10203269575283130 set a 3582862333183 2168991 1321952397 type 1 relevant count 1", "1", "0", "0", "0", "", "40"
"txtspeak", "such culinary perfecshun https www facebook com photo php ? fbid 371941852946691 set a 317721538368723 1073741828 317716525035891 type 1 relevant count 1", "0", "1", "0", "0", "", "22"
"txtspeak", "if you lose yourself i will find you # tbt # chicagodays # yunglucy https www facebook com photo php ? fbid 10203262221819298 set a 3582862333183 2168991 1321952397 type 1 relevant count 1", "1", "0", "0", "0", "", "33"
"brag", "what a great way to end a great day ⛅️ # nyc # hudsonriverpark # filmshoot https www facebook com photo php ? fbid 10203258510126508 set a 3582862333183 2168991 1321952397 type 1 relevant count 1", "1", "0", "0", "0", "", "35"
"hashtag", "what a great way to end a great day ⛅️ # nyc # hudsonriverpark # filmshoot https www facebook com photo php ? fbid 10203258510126508 set a 3582862333183 2168991 1321952397 type 1 relevant count 1", "1", "0", "0", "0", "", "35"
"inside", "my sweet little pixie fairy audrey https www facebook com photo php ? fbid 10203240230229522 set a 3582862333183 2168991 1321952397 type 1 relevant count 1", "1", "0", "0", "1", "", "25"
"inside", "bros b4 hoes https www facebook com photo php ? fbid 10203240216269173 set a 3582862333183 2168991 1321952397 type 1 relevant count 1", "1", "0", "0", "1", "", "22"
"hashtag", "bluuuuue # shorthair # bluehair # shamelessselfie https www facebook com photo php ? fbid 10203233512781590 set a 3582862333183 2168991 1321952397 type 1 relevant count 1", "1", "0", "0", "0", "", "26"
"txtspeak", "bluuuuue # shorthair # bluehair # shamelessselfie https www facebook com photo php ? fbid 10203233512781590 set a 3582862333183 2168991 1321952397 type 1 relevant count 1", "1", "0", "0", "0", "", "26"
"brag", "bluuuuue # shorthair # bluehair # shamelessselfie https www facebook com photo php ? fbid 10203233512781590 set a 3582862333183 2168991 1321952397 type 1 relevant count 1", "1", "0", "0", "0", "", "26"
"complainer", "what a long hard day ! null", "0", "0", "0", "0", "", "7"
"vague", "what a long hard day ! null", "0", "0", "0", "0", "", "7"
"overload", "kevin lance hinerman https www facebook com kylie gowenhinerman #", "0", "0", "0", "1", "", "10"
"overload", "honestly had no idea twin falls idaho was so pretty ! https www facebook com photo php ? fbid 10153825664595463 set a 10150571712395463 679032 851720462 type 1 relevant count 1", "1", "0", "0", "0", "", "30"
"overload", "thinking about changing pediatricians mine is way to negative and my anxiety cannot handle it anymore who is a good pediatrician ? what makes this person good ? suggestions are very welcome ! null", "0", "0", "0", "0", "", "34"
"complainer", "thinking about changing pediatricians mine is way to negative and my anxiety cannot handle it anymore who is a good pediatrician ? what makes this person good ? suggestions are very welcome ! null", "0", "0", "0", "0", "", "34"
"crowdsourcer", "thinking about changing pediatricians mine is way to negative and my anxiety cannot handle it anymore who is a good pediatrician ? what makes this person good ? suggestions are very welcome ! null", "0", "0", "0", "0", "", "34"
"complainer", "i hate when people scold me for not breastfeeding which i am i just do it different then most just because you can doesn't mean it's easy for everyone http www huffingtonpost com rachael-clarke i-didnt-breastfeed-my-daughter b 4761694 html", "0", "0", "0", "0", "", "38"
"aggregator", "i hate when people scold me for not breastfeeding which i am i just do it different then most just because you can doesn't mean it's easy for everyone http www huffingtonpost com rachael-clarke i-didnt-breastfeed-my-daughter b 4761694 html", "0", "0", "0", "0", "", "38"
"selfie", "raddest weekend ever # ‎mamaflorez # ‎audreysbirthday # ‎bestfriends https www facebook com photo php ? fbid 10203280555317624 set a 3582862333183 2168991 1321952397 type 1 relevant count 1", "1", "0", "0", "0", "", "28"
"selfie", "raddest weekend ever # ‎mamaflorez # ‎audreysbirthday # ‎bestfriends https www facebook com photo php ? fbid 10203280555317624 set a 3582862333183 2168991 1321952397 type 1 relevant count 1", "1", "0", "0", "0", "", "28"
"selfie", "raddest weekend ever # ‎mamaflorez # ‎audreysbirthday # ‎bestfriends https www facebook com photo php ? fbid 10203280555317624 set a 3582862333183 2168991 1321952397 type 1 relevant count 1", "1", "0", "0", "0", "", "28"
"selfie", "happy birthday to my homegirl audrey kressman glad i made my way down to 306 that day i love you ! https www facebook com photo php ? fbid 10203276543937342 set a 1631810958118 2093394 1321952397 type 1 relevant count 1", "1", "0", "0", "1", "", "40"
"selfie", "when ya makeups on point # lol # yes # shamelessselfie https www facebook com photo php ? fbid 10203274533687087 set a 3582862333183 2168991 1321952397 type 1 relevant count 1", "1", "0", "0", "0", "", "30"
"selfie", "when ya makeups on point # lol # yes # shamelessselfie https www facebook com photo php ? fbid 10203274533687087 set a 3582862333183 2168991 1321952397 type 1 relevant count 1", "1", "0", "0", "0", "", "30"
"selfie", "when ya makeups on point # lol # yes # shamelessselfie https www facebook com photo php ? fbid 10203274533687087 set a 3582862333183 2168991 1321952397 type 1 relevant count 1", "1", "0", "0", "0", "", "30"
"selfie", "chillin' with the cuties from cash cash today in the studio ! cashcashmusic # siriusxm # intern https www facebook com photo php ? fbid 10203271947262428 set a 3582862333183 2168991 1321952397 type 1 relevant count 1", "1", "0", "0", "0", "", "36"
"selfie", "chillin' with the cuties from cash cash today in the studio ! cashcashmusic # siriusxm # intern https www facebook com photo php ? fbid 10203271947262428 set a 3582862333183 2168991 1321952397 type 1 relevant count 1", "1", "0", "0", "0", "", "36"
"selfie", "you have to keep moving forward even if it feels like the whole world is crashing down upon you # qotd https www facebook com photo php ? fbid 10203269575283130 set a 3582862333183 2168991 1321952397 type 1 relevant count 1", "1", "0", "0", "0", "", "40"
"selfie", "you have to keep moving forward even if it feels like the whole world is crashing down upon you # qotd https www facebook com photo php ? fbid 10203269575283130 set a 3582862333183 2168991 1321952397 type 1 relevant count 1", "1", "0", "0", "0", "", "40"
"selfie", "such culinary perfecshun https www facebook com photo php ? fbid 371941852946691 set a 317721538368723 1073741828 317716525035891 type 1 relevant count 1", "0", "1", "0", "0", "", "22"
"selfie", "if you lose yourself i will find you # tbt # chicagodays # yunglucy https www facebook com photo php ? fbid 10203262221819298 set a 3582862333183 2168991 1321952397 type 1 relevant count 1", "1", "0", "0", "0", "", "33"
"selfie", "what a great way to end a great day ⛅️ # nyc # hudsonriverpark # filmshoot https www facebook com photo php ? fbid 10203258510126508 set a 3582862333183 2168991 1321952397 type 1 relevant count 1", "1", "0", "0", "0", "", "35"
"selfie", "what a great way to end a great day ⛅️ # nyc # hudsonriverpark # filmshoot https www facebook com photo php ? fbid 10203258510126508 set a 3582862333183 2168991 1321952397 type 1 relevant count 1", "1", "0", "0", "0", "", "35"
"selfie", "my sweet little pixie fairy audrey https www facebook com photo php ? fbid 10203240230229522 set a 3582862333183 2168991 1321952397 type 1 relevant count 1", "1", "0", "0", "1", "", "25"
"selfie", "bros b4 hoes https www facebook com photo php ? fbid 10203240216269173 set a 3582862333183 2168991 1321952397 type 1 relevant count 1", "1", "0", "0", "1", "", "22"
"selfie", "bluuuuue # shorthair # bluehair # shamelessselfie https www facebook com photo php ? fbid 10203233512781590 set a 3582862333183 2168991 1321952397 type 1 relevant count 1", "1", "0", "0", "0", "", "26"
"selfie", "bluuuuue # shorthair # bluehair # shamelessselfie https www facebook com photo php ? fbid 10203233512781590 set a 3582862333183 2168991 1321952397 type 1 relevant count 1", "1", "0", "0", "0", "", "26"
"selfie", "bluuuuue # shorthair # bluehair # shamelessselfie https www facebook com photo php ? fbid 10203233512781590 set a 3582862333183 2168991 1321952397 type 1 relevant count 1", "1", "0", "0", "0", "", "26"
"overload", "omfg the lego movie is amazing or should i say awesome ? ! ? ! ? ! ? ! ? ! ! ! null", "0", "0", "0", "0", "", "24"
"promoter", "omfg the lego movie is amazing or should i say awesome ? ! ? ! ? ! ? ! ? ! ! ! null", "0", "0", "0", "0", "", "24"
"brag", "it's official ! going to spend spring break with the lovely cathy rico in chicago to see our amazing friend mike blackman ! null", "0", "0", "0", "0", "", "24"
"overload", "it's official ! going to spend spring break with the lovely cathy rico in chicago to see our amazing friend mike blackman ! null", "0", "0", "0", "0", "", "24"
"inside", "canadia eh ? null", "0", "0", "0", "0", "", "4"
"pageshares", "https www facebook com 307944245924618 photos a 322769461108763 95789 307944245924618 653504461368593 ? type 1 relevant count 1", "0", "1", "0", "0", "", "17"
"enlightened", "“which do you want the pain of staying where you are or the pain of growth ? ” null", "0", "0", "0", "0", "0", "19"
"enlightened", "“the meaning of life is just to be alive it is so plain and so obvious and so simple and yet everybody rushes around in a great panic as if it were necessary to achieve something beyond themselves ” null", "0", "0", "0", "0", "", "40"
"enlightened", "“don’t explain your philosophy embody it ” null", "0", "0", "0", "0", "", "8"
"vague", "“which do you want the pain of staying where you are or the pain of growth ? ” null", "0", "0", "0", "0", "", "19"
"enlightened", "“the meaning of life is just to be alive it is so plain and so obvious and so simple and yet everybody rushes around in a great panic as if it were necessary to achieve something beyond themselves ” null", "0", "0", "0", "0", "", "40"
"vague", "“don’t explain your philosophy embody it ” null", "0", "0", "0", "0", "", "8"
"vague", "ey yo if you're reading this i love you null", "0", "0", "0", "0", "", "10"
"enlightened", "ey yo if you're reading this i love you null", "0", "0", "0", "0", "", "10"
"enlightened", "walk as if you are kissing the earth with your feet null", "0", "0", "0", "0", "", "12"
"enlightened", "“people will love you people will hate you and none of it will have anything to do with you ” null", "0", "0", "0", "0", "", "21"
"enlightened", "“telling people of color they’re obsessed with racism is like telling a drowning person they’re obsessed with swimming ” null", "0", "0", "0", "0", "", "20"
"enlightened", "“things didn’t work out because well greater things were in the works it’s so difficult while we’re blind and hurting and don’t know which way is up but if you have faith in anything have faith in the fact that the universe has a beautiful way of straightening things out far better than we ever could you may not see it today or tomorrow but you will look back in a few years and be absolutely perplexed and awed by how every little thing added up and brought you somewhere wonderful– or where you always wanted to be you will be grateful that things didn’t work out the way you once wanted them to ” null", "0", "0", "0", "0", "", "116"
"enlightened", "“it is okay to be at a place of struggle struggle is just another word for growth even the most evolved beings find themselves in a place of struggle now and then in fact struggle is a sure sign to them that they are expanding it is their indication of real and important progress the only one who doesn’t struggle is the one who doesn’t grow so if you are struggling right now see it as a terrific sign — celebrate your struggle ” null", "0", "0", "0", "0", "", "85"
"enlightened", "primarily my work was an act of exorcism so i could have peace of mind as an artist null", "0", "0", "0", "0", "", "19"
"vague", "primarily my work was an act of exorcism so i could have peace of mind as an artist null", "0", "0", "0", "0", "", "19"
"vague", "it's ok if the only thing you do today is breathe https www facebook com photo php ? fbid 159271787581870 set a 156297731212609 1073741827 100004971488424 type 1 relevant count 1", "1", "0", "0", "0", "", "30"
"enlightened", "it's ok if the only thing you do today is breathe https www facebook com photo php ? fbid 159271787581870 set a 156297731212609 1073741827 100004971488424 type 1 relevant count 1", "1", "0", "0", "0", "", "30"
"crowdsourcer", "we're having a discnic ! disc picnic liberty park 900s 700e afternoon of thursday 16 may 2013 probably somewhere in the northern half of the park i'll be there around 1pm probably call me if you know what's good for you get ready to run throw laugh and feel silly bring water food sunscreen a good attitude and a friend i hope to get a game of ultimate going but if we just toss around that's cool too peace null", "0", "0", "0", "0", "", "80"
"inside", "some of these stickers have attitude https www facebook com photo php ? fbid 10152094024425914 set a 10150361664250914 348238 666030913 type 1 relevant count 1", "1", "0", "0", "0", "", "25"
"hashtag", "no poutine shortage here # onlyincanada null", "0", "0", "0", "0", "", "7"
"hashtag", "poutine line # onlyincanada https www facebook com photo php ? fbid 10152093748735914 set a 10150361664250914 348238 666030913 type 1 relevant count 1", "1", "0", "0", "0", "", "23"
"overload", "made it ! null", "0", "0", "0", "0", "", "4"
"overload", "to montreal ! null", "0", "0", "0", "0", "", "4"
"brag", "made it ! null", "0", "0", "0", "0", "", "4"
"brag", "to montreal ! null", "0", "0", "0", "0", "", "4"
"overload", "demand-side economics comes to the library https www facebook com photo php ? fbid 10152092117510914 set a 10150361664250914 348238 666030913 type 1 relevant count 1", "1", "0", "0", "0", "", "25"
"aggregator", "how to design public space for autocracy a beginner's guide http www theatlanticcities com politics 2014 02 dictators-guide-urban-design 8468", "0", "0", "0", "0", "", "19"
"aggregator", "how to bring the fun of biathlon to every winter sport http www slate com blogs five ring circus 2014 02 20 biathlon sochi 2014 how to biathlon ize every winter olympic sport html", "0", "0", "0", "0", "", "34"
"aggregator", "http www slate com blogs five ring circus 2014 02 20 olympics jerk watch petter northug jr the richard sherman of cross country html", "0", "0", "0", "0", "", "24"
"aggregator", "http www theatlantic com infocus 2014 02 kiev-truce-shattered-dozens-killed 100685", "0", "0", "0", "0", "", "9"
"aggregator", "https www facebook com theatlantic photos a 416500458486 209033 29259828486 10152294103978487 ? type 1", "0", "1", "", "", "", "14"
"aggregator", "here's the same medal count by population gdp but now updated every day amazingly tina maze is not personally responsible for all of slovenia's medals though she is responsible for both of their golds http www slate com articles sports fivering circus 2014 02 medals per capita re ranking the 2014 winter olympics medal table by population html", "0", "0", "0", "0", "", "58"
"linkbait", "# truth http www buzzfeed com keelyflaherty which-joss-whedon-heroine-are-you", "0", "0", "0", "0", "", "8"
"hashtag", "# truth http www buzzfeed com keelyflaherty which-joss-whedon-heroine-are-you", "0", "0", "0", "0", "", "8"
"quizzes", "# truth http www buzzfeed com keelyflaherty which-joss-whedon-heroine-are-you", "0", "0", "0", "0", "", "8"
"quizzes", "http www buzzfeed com keelyflaherty which-joss-whedon-heroine-are-you", "0", "1", "0", "0", "", "6"
"linkbait", "http www buzzfeed com keelyflaherty which-joss-whedon-heroine-are-you", "0", "1", "0", "0", "", "6"
"complainer", "man i really wanna watch star wars right now but i have to write this paper if only there was a song that represented how i feel right now null", "0", "0", "0", "0", "", "30"
"overload", "man i really wanna watch star wars right now but i have to write this paper if only there was a song that represented how i feel right now null", "0", "0", "0", "0", "", "30"
"inside", "man i really wanna watch star wars right now but i have to write this paper if only there was a song that represented how i feel right now null", "0", "0", "0", "0", "", "30"
"quizzes", "obviously http www buzzfeed com juliapugachevsky which-frozen-character-are-you", "0", "0", "0", "0", "", "7"
"linkbait", "obviously http www buzzfeed com juliapugachevsky which-frozen-character-are-you", "0", "0", "0", "0", "", "7"
"quizzes", "http www buzzfeed com chelseamarshall what-kind-of-dog-are-you", "0", "0", "0", "0", "", "6"
"linkbait", "http www buzzfeed com chelseamarshall what-kind-of-dog-are-you", "0", "0", "0", "0", "", "6"
"linkbait", "# accurate http www buzzfeed com ryanhatesthis would-the-kid-you-were-in-high-school-want-to-hang-out-with", "0", "0", "0", "0", "", "8"
"hashtag", "# accurate http www buzzfeed com ryanhatesthis would-the-kid-you-were-in-high-school-want-to-hang-out-with", "0", "0", "0", "0", "", "8"
"quizzes", "# accurate http www buzzfeed com ryanhatesthis would-the-kid-you-were-in-high-school-want-to-hang-out-with", "0", "0", "0", "0", "", "8"
"quizzes", "my favorite http www zimbio com quiz 7gtrzycgnl2 avengers character ? result a9b94 vtlr3", "0", "0", "0", "0", "", "14"
"linkbait", "my favorite http www zimbio com quiz 7gtrzycgnl2 avengers character ? result a9b94 vtlr3", "0", "0", "0", "0", "", "14"
"overload", "my valentine's day http www youtube com watch ? v f-sn3duojqq http www youtube com watch ? v f-sn3duojqq", "", "", "", "", "", "19"
"promoter", "my valentine's day http www youtube com watch ? v f-sn3duojqq http www youtube com watch ? v f-sn3duojqq", "", "", "", "", "", "19"
"pageshares", "happy valentine's day ! ! https www facebook com photo php ? fbid 820749451272417 set a 182096918471010 52777 127031120644257 type 1", "0", "1", "0", "0", "", "21"
"linkbait", "my favorite http www buzzfeed com briangalindo quiz-which-disney-prince-is-your-true-love", "0", "0", "0", "0", "", "8"
"linkbait", "http www buzzfeed com kmallikarjuna more-fandom-muscle-shirts", "0", "0", "0", "0", "", "6"
"linkbait", "yes ! http mtvasia com areyoutheone", "0", "0", "0", "0", "", "6"
"linkbait", "just cuz i like lotr http www buzzfeed com justincarissimo which-classic-rock-band-are-you", "0", "0", "0", "0", "", "11"
"textspeak", "just cuz i like lotr http www buzzfeed com justincarissimo which-classic-rock-band-are-you", "0", "0", "0", "0", "", "11"
"quizzes", "just cuz i like lotr http www buzzfeed com justincarissimo which-classic-rock-band-are-you", "0", "0", "0", "0", "", "11"
"brag", "great news was given today ! the little mermaid is going to be shown in select movie theaters on valentine's day ! also i was accepted to byu's mfa creative writing program null", "0", "0", "0", "0", "", "33"
"linkbait", "and i thought cmv was just about increasing voter participation its all a big lie and you can see their deceptive practices in this video http www youtube com watch ? v evsytqqnmcq", "0", "0", "0", "0", "", "33"
"political", "and i thought cmv was just about increasing voter participation its all a big lie and you can see their deceptive practices in this video http www youtube com watch ? v evsytqqnmcq", "0", "0", "0", "0", "", "33"
"pageshares", "https www facebook com photo php ? fbid 10151460366459517 set a 10151247013539517 555408 204424504516 type 1 relevant count 1", "0", "1", "0", "0", "", "19"
"hashtag", "so all of my friends that are in favor of count my vote decided not to show up to the capitol support the their initiative ? lol as laura said its what happens when you don't pay them to show up # countmyvote https www facebook com photo php ? fbid 10203326187734391 set a 1924323706739 2117643 1201528438 type 1 relevant count 1", "0", "1", "0", "0", "", "62"
"political", "so all of my friends that are in favor of count my vote decided not to show up to the capitol support the their initiative ? lol as laura said its what happens when you don't pay them to show up # countmyvote https www facebook com photo php ? fbid 10203326187734391 set a 1924323706739 2117643 1201528438 type 1 relevant count 1", "0", "1", "0", "0", "", "62"
"pageshares", "https www facebook com photo php ? fbid 10153941756605107 set o 102831254861 type 1 relevant count 1", "0", "1", "0", "0", "", "17"
"political", "way to go judy taylor cox ! this brightens my day oh did i need this today ! i love to see people standing up and speaking out for whats right ! ! http www deseretnews com article 765647981 utah-mom-says-shirts-are-indecent-buys-them-all html", "0", "0", "0", "0", "", "41"
"aggregator", "way to go judy taylor cox ! this brightens my day oh did i need this today ! i love to see people standing up and speaking out for whats right ! ! http www deseretnews com article 765647981 utah-mom-says-shirts-are-indecent-buys-them-all html", "0", "0", "0", "0", "", "41"
"political", "i'm i the only one that thinks our public education system needs to be gutted because it does and this poll o'reilly speaks of is the reason why http foxnewsinsider com 2014 02 17 self-absorbed-ignorant-and-addicted-oreilly-reacts-studies-show-americans-are-uninformed", "0", "0", "0", "0", "", "35"
"political", "thank you governor gary r herbert https www facebook com photo php ? fbid 1454718028079478 set a 1436222839928997 1073741828 1435029343381680 type 1 relevant count 1", "0", "1", "0", "0", "", "25"
"pageshares", "thank you governor gary r herbert https www facebook com photo php ? fbid 1454718028079478 set a 1436222839928997 1073741828 1435029343381680 type 1 relevant count 1", "0", "1", "0", "0", "", "25"
"brag", "we had a wonderful visit to the temple ! enjoying the peace we find here in manti https www facebook com photo php ? fbid 10152072162439842 set a 118161949841 103769 653209841 type 1 relevant count 1", "1", "0", "0", "0", "", "36"
"political", "tonight michelle and i attended legislators night at the new museum of natural curiosity although it's not totally complete official opening in may i was amazed at the detail thought creativity extremely fun and educational value in all the activities though out the museum ! when this place opens word is going to spread fast of how cool that place is # thanksgivingpoint http www thanksgivingpoint org support museumofnaturalcuriosity", "0", "0", "0", "0", "", "69"
"hashtag", "tonight michelle and i attended legislators night at the new museum of natural curiosity although it's not totally complete official opening in may i was amazed at the detail thought creativity extremely fun and educational value in all the activities though out the museum ! when this place opens word is going to spread fast of how cool that place is # thanksgivingpoint http www thanksgivingpoint org support museumofnaturalcuriosity", "0", "0", "0", "0", "", "69"
"political", "pretty interesting idea that may help solve ca's many issues most likely will be opposed nationally by liberals as it will undoubtedly give electoral votes to the republican nominee next presidential election and empower conservatives as a whole in the state http news yahoo com plan-split-california-six-states-gains-ground-222139687 html ylt awrtwvvweahtd3yanrvqtdmd http news yahoo com plan-split-california-six-states-gains-ground-222139687 html ylt awrtwvvweahtd3yanrvqtdmd", "0", "0", "0", "0", "", "57"
"aggregator", "pretty interesting idea that may help solve ca's many issues most likely will be opposed nationally by liberals as it will undoubtedly give electoral votes to the republican nominee next presidential election and empower conservatives as a whole in the state http news yahoo com plan-split-california-six-states-gains-ground-222139687 html ylt awrtwvvweahtd3yanrvqtdmd http news yahoo com plan-split-california-six-states-gains-ground-222139687 html ylt awrtwvvweahtd3yanrvqtdmd", "0", "0", "0", "0", "", "57"
"aggregator", "tonight michelle and i attended legislators night at the new museum of natural curiosity although it's not totally complete official opening in may i was amazed at the detail thought creativity extremely fun and educational value in all the activities though out the museum ! when this place opens word is going to spread fast of how cool that place is # thanksgivingpoint http www thanksgivingpoint org support museumofnaturalcuriosity", "0", "0", "0", "0", "", "69"
"political", "obama dropped the ball on syria and russia won let's learn from our mistakes please and not let many more thousands die http thoughtcatalog com danielle-ryan 2014 02 i-am-a-ukrainian-this-needs-to-go-viral # ulof4rzf33ktfdhm 01", "0", "0", "0", "0", "", "32"
"aggregator", "obama dropped the ball on syria and russia won let's learn from our mistakes please and not let many more thousands die http thoughtcatalog com danielle-ryan 2014 02 i-am-a-ukrainian-this-needs-to-go-viral # ulof4rzf33ktfdhm 01", "0", "0", "0", "0", "", "32"
"political", "nearly spot on though i'd argue that it is the focus on entertainment that our culture has much more than the school system that largely drives these results http foxnewsinsider com 2014 02 17 self-absorbed-ignorant-and-addicted-oreilly-reacts-studies-show-americans-are-uninformed", "0", "0", "0", "0", "", "35"
"hashtag", "# plank https www facebook com photo php ? v 10202767046284485", "1", "0", "0", "0", "", "11"
"crowdsourcer", "dearly beloved facebook friends my wife and i will be moving from alpine to provo on saturday we will be loading up the truck at highland hideaway storage from 9-10 a m and unloading at our new place by seven peaks from 11-12 anyone in the area that can lend a hand would be welcome and most appreciated null", "0", "0", "0", "0", "", "59"
"political", "lmao what it would be like to buy coffee if it was like obamacare https www facebook com photo php ? v 552415594854617", "0", "1", "0", "0", "", "23"
"txtspeak", "lmao what it would be like to buy coffee if it was like obamacare https www facebook com photo php ? v 552415594854617", "0", "1", "0", "0", "", "23"
"brag", "thankful to start work on monday ! i'll be working for vivint in their call center in lindon in a job that will let julia stay home with the baby so grateful for wonderful family friends wife or wives according to julia friends of wife everyone that's helped our family get started in utah with our new job and home we feel truly blessed null", "0", "0", "0", "0", "", "65"
"enlightened", "thankful to start work on monday ! i'll be working for vivint in their call center in lindon in a job that will let julia stay home with the baby so grateful for wonderful family friends wife or wives according to julia friends of wife everyone that's helped our family get started in utah with our new job and home we feel truly blessed null", "0", "0", "0", "1", "", "65"
"overload", "austin ! where have you been the last two semesters ! i miss you brother ! null", "0", "0", "0", "1", "", "17"
"crowdsourcer", "alright people austin devere hesterly and i are looking for a place to rent it can be an apartment a trailer or a basement we aren't picky it needs to be liveable but i don't need marble flooring what we do need is inexpensive if anyone's knows someone who might have a lucky connection that they're willing to donate to the cause let me know ! we're looking at both salt lake and provo austin wants provo null", "0", "0", "0", "1", "", "78"
"brag", "puff pancakes for breakfast shrimp and salmon for lunch and ratatouille for dinner all homemade ! i love you nathanael mooth ! 0", "0", "0", "0", "1", "", "23"
"promoter", "holy crap these earrings are fantastic ! i'm going to get some ! http yeeshastone blogspot com she also makes clip-ons and keychains are in prototype ! http yeeshastone blogspot com", "0", "0", "0", "4", "", "31"
"crowdsourcer", "oki doki folks i have been assigned to have three people fill out this survey for me i know we all just love surveys so much so the plan is that i will tag a whole bunch of you and hope at least three of you fill it out if that doesn't work i'll rethink the plan but i think this will work besides i'm a little curious what all of you have to say also if i haven't tagged you you're still welcome to tell me what you think the survey can be found at https drive google com file d 0b5o-5koj2mimqk1fuhg2txlmodg edit ? usp sharing and although you can't edit it if you could send me back answers by email or facebook or however i would very much appreciate it even if you don't fill out the survey but you've read this very long post all the way through thanks for letting me take up some of your time ! steven estep brenden taylor dorothy mcfarland taylor kylie taylor rachel roberts christine stone mooth deborah barrus stoddard lucy sue herron emma fisher brittany appleby roy long melinda hammond baros doug welker carol simmons welker jody estep j steve estep wanda novak jackie gossett thomas https drive google com file d 0b5o-5koj2mimqk1fuhg2txlmodg edit ? usp sharing", "0", "0", "0", "19", "", "217"
"crowdsourcer", "hello ! i am doing some research on english cursing and would really appreciate it if you took this survey i created https stonybrookuniversity co1 qualtrics com se ? sid sv bf5w1pv4h9qeh8v the survey should take about 15-20 minutes at most and your intuitions on the use of this language are invaluable to me ! thank you https stonybrookuniversity co1 qualtrics com se ? sid sv bf5w1pv4h9qeh8v", "0", "0", "0", "0", "", "67"
"linkbait", "this is one of my favorite things ever http themetapicture com young-people-swap-clothes-with-grandparents-and-parents", "0", "0", "0", "0", "", "12"
"pageshares", "https www facebook com photo php ? fbid 736613179691466 set a 172643469421776 39414 162037367149053 type 1 relevant count 1", "0", "1", "0", "0", "", "19"
"pageshares", "joel adamowicz https www facebook com 4funsociety photos a 178003795588213 60115 176890359032890 2143024102419496 ? type 1 relevant count 1", "0", "1", "0", "1", "", "19"
"pageshares", "jake lutz https www facebook com 90sbabiesonly photos a 289855911116351 49980 289540911147851 516441565124450 ? type 1 relevant count 1", "0", "1", "0", "1", "", "19"
"pageshares", "https www facebook com 4funsociety photos a 178003795588213 60115 176890359032890 2142832502438656 ? type 1 relevant count 1", "0", "1", "0", "0", "", "17"
"promoter", "https www facebook com jeff lutz 50 ? fref ts #", "0", "0", "0", "0", "", "11"
"promoter", "https www youtube com watch ? v gd8i112vo9y", "0", "0", "0", "0", "", "8"
"pageshares", "https www facebook com batesmotelaetv photos a 393756307368294 88690 357724980971427 593164097427513 ? type 1 relevant count 1", "0", "0", "0", "0", "", "17"
"pageshares", "https www facebook com photo php ? fbid 10152320423455649 set a 10152082407655649 1073741826 683370648 type 1 relevant count 1", "0", "0", "0", "0", "", "19"
"brag", "success https www facebook com photo php ? fbid 10152085904414355 set a 10150675756629355 400958 629564354 type 1 relevant count 1", "1", "0", "0", "1", "", "20"
"brag", "fontenots take hackmit blueprint by storm https www facebook com photo php ? fbid 10152085239954355 set a 10150675756629355 400958 629564354 type 1 relevant count 1", "1", "0", "0", "1", "", "25"
"brag", "helll yeah null", "0", "0", "0", "0", "", "3"
"vague", "success https www facebook com photo php ? fbid 10152085904414355 set a 10150675756629355 400958 629564354 type 1 relevant count 1", "1", "0", "0", "1", "", "20"
"vague", "helll yeah null", "0", "0", "0", "0", "", "3"
"brag", "imagine a world where you just build awesome shit and everything else is taken care of for you that's the world i'm building you in ? null", "0", "0", "0", "0", "", "27"
"brag", "headed back to boston to take my sister to her first hackathon ! # hellyeah null", "0", "0", "0", "1", "", "16"
"hashtag", "headed back to boston to take my sister to her first hackathon ! # hellyeah null", "0", "0", "0", "1", "", "16"
"brag", "such a wonderful day in the city ♥ https www facebook com photo php ? fbid 10152081182484355 set a 10150675756629355 400958 629564354 type 1 relevant count 1", "1", "0", "0", "0", "", "27"
"brag", "if you don't have the beautiful momentum chrome extension yet what are you doing with your life https chrome google com webstore detail momentum laookkfknpbbblfpciffpaejjkokdgca related https chrome google com webstore detail momentum laookkfknpbbblfpciffpaejjkokdgca related", "0", "0", "0", "0", "", "35"
"promoter", "if you don't have the beautiful momentum chrome extension yet what are you doing with your life https chrome google com webstore detail momentum laookkfknpbbblfpciffpaejjkokdgca related https chrome google com webstore detail momentum laookkfknpbbblfpciffpaejjkokdgca related", "0", "0", "0", "0", "", "35"
"pageshares", "start a fucking startup ! https www facebook com photo php ? fbid 10202023021594484 set a 3184387805986 131470 1154475915 type 1 relevant count 1", "0", "1", "0", "0", "", "24"
"complainer", "this whole subways not having reception thing is totally not cool — at union square subway station null", "0", "0", "0", "0", "", "18"
"brag", "getting ready for some great times sxsw yet again ! null", "0", "0", "0", "0", "", "11"
"brag", "being a young technical startup founder carries close to zero risk the expected value is significantly higher than most people will give it credit people are overestimating the downsides heavily the greatest risk isn't that you fail it's that you spend years of your life working on something that you don't care about null", "0", "0", "0", "0", "", "54"
"brag", "back in seattle after an awesome weekend working with the folks at pennapps 60 hours of travel and work culminating in rock solid wifi for the pennapps expo it was great to meet everyone there ! thanks to brynn claypoole simran singh ahluwalia and the whole pennapps team countless volunteers and the penn museum staff for helping to make this a success ! let's keep this going -- every hackathon deserves fast reliable wifi no matter how many people are coming null", "0", "0", "0", "9", "", "82"
"inside", "back in seattle after an awesome weekend working with the folks at pennapps 60 hours of travel and work culminating in rock solid wifi for the pennapps expo it was great to meet everyone there ! thanks to brynn claypoole simran singh ahluwalia and the whole pennapps team countless volunteers and the penn museum staff for helping to make this a success ! let's keep this going -- every hackathon deserves fast reliable wifi no matter how many people are coming null", "0", "0", "0", "9", "", "82"
"inside", "getting ready for some great times sxsw yet again ! null", "0", "0", "0", "0", "", "11"
"brag", "dinner with five physics well four physics and one astronomy professors that's a normal way to spend the evening of valentine's day right ? null", "0", "0", "0", "0", "", "25"
"inside", "dinner with five physics well four physics and one astronomy professors that's a normal way to spend the evening of valentine's day right ? null", "0", "0", "0", "0", "", "25"
"brag", "first u s grad school acceptance ! upenn for the record null", "0", "0", "0", "", "", "12"
"brag", "skate criterium too dangerous to drive to ? no problem just do a team sprint in the rain instead ! it was actually pretty fun in related news first broken pole ever ! surprised i made it this long good thing i have some spares null", "0", "0", "0", "1", "", "46"
"inside", "skate criterium too dangerous to drive to ? no problem just do a team sprint in the rain instead ! it was actually pretty fun in related news first broken pole ever ! surprised i made it this long good thing i have some spares null", "0", "0", "0", "5", "", "46"
"overload", "just finished listening to the excellent bbc radio 4 play of neil gaiman's neverwhere unfortunately the first two episodes aren't available on their website anymore but anyone who's a fan of the book should check it out null", "0", "0", "0", "0", "", "38"
"vague", "hahahaha null", "0", "0", "0", "0", "", "2"
"vague", "i can't take this anymore null", "0", "0", "0", "0", "", "6"
"txtspeak", "out wit mah gurls null", "0", "0", "0", "3", "", "5"
"txtspeak", "out wit mah gurls null", "0", "0", "0", "3", "", "5"
"inside", "out wit mah gurls null", "0", "0", "0", "3", "", "5"
"overload", "ugh so bored i cleaned and the girls are ready what to do ? null", "0", "0", "0", "0", "", "15"
"complainer", "ugh so bored i cleaned and the girls are ready what to do ? null", "0", "0", "0", "0", "", "15"
"complainer", "so tired null", "0", "0", "0", "0", "", "3"
"vague", "so tired null", "0", "0", "0", "0", "", "3"
"vague", "why ? ? ? ? ? ? ? null", "0", "0", "0", "0", "", "9"
"brag", "you know you are a part of something special when you enjoy being at rehearsals on a saturday afternoon ! can i just be so cheesy and say how blessed i am to be a part of tarzan ! i am truly stunned by the work that everyone is putting in people are talented ! null", "0", "0", "0", "3", "", "56"
"enlightened", "you know you are a part of something special when you enjoy being at rehearsals on a saturday afternoon ! can i just be so cheesy and say how blessed i am to be a part of tarzan ! i am truly stunned by the work that everyone is putting in people are talented ! null", "0", "0", "0", "3", "", "56"
"overload", "good night everyone ! hope you all had a wonderful day sweetest dreams null", "0", "0", "0", "0", "", "14"
"complainer", "damn woke up from a bad dream got me all paranoid and shit ugh feeling sick null", "0", "0", "0", "0", "", "17"
"overload", "yay ! house is clean ! ! ! munching on gummy worms with my mom and yawn ! null", "0", "0", "0", "0", "", "19"
"overload", "dyed my hair burgundy ! ! ! yay ! ! ! all thanks to my auntie for helping ! now just need to add streaks null", "0", "0", "0", "0", "", "26"
"brag", "yay ! house is clean ! ! ! munching on gummy worms with my mom and yawn ! null", "0", "0", "0", "0", "", "19"
"brag", "dyed my hair burgundy ! ! ! yay ! ! ! all thanks to my auntie for helping ! now just need to add streaks null", "0", "0", "0", "0", "", "26"
"overload", "haha got bored and did a before and after on my face null", "0", "0", "0", "0", "", "13"
"enlightened", "matthew 11 29 take my yoke upon you and learn of me for i am meek and lowly in heart https www facebook com photo php ? fbid 10202194431836717 set a 1595746288025 219400 1066981294 type 1 relevant count 1", "1", "0", "0", "0", "", "39"
"enlightened", "2 nephi 25 26 and we talk of christ we rejoice in christ we preach of christ we prophesy of christ and we write according to our prophecies that our children may know to what source they may look for a remission of their sins ' https www facebook com photo php ? fbid 10202181992165733 set a 1595746288025 219400 1066981294 type 1 relevant count 1", "1", "0", "0", "0", "", "65"
"enlightened", "matthew 7 21 not every one that saith unto me lord lord shall enter into the kingdom of heaven but he that doeth the will of my father which is in heaven https www facebook com photo php ? fbid 10202171923554024 set a 1595746288025 219400 1066981294 type 1 relevant count 1", "1", "0", "0", "0", "", "51"
